[
  {"address":"12 Camden High St, Camden, London, NW1 0JH, United Kingdom","post_code":"NW1 0JH","lat":51.541000,"lon":-0.142000,"area":"Camden"},
  {"address":"27 Kentish Town Rd, Camden, London, NW1 8NL, United Kingdom","post_code":"NW1 8NL","lat":51.541250,"lon":-0.141850,"area":"Camden"},
  {"address":"45 Prince Albert Rd, Camden, London, NW1 7SN, United Kingdom","post_code":"NW1 7SN","lat":51.541500,"lon":-0.141700,"area":"Camden"},
  {"address":"3 Mornington Crescent, Camden, London, NW1 2JA, United Kingdom","post_code":"NW1 2JA","lat":51.541750,"lon":-0.141550,"area":"Camden"},
  {"address":"88 Parkway, Camden, London, NW1 7AN, United Kingdom","post_code":"NW1 7AN","lat":51.542000,"lon":-0.141400,"area":"Camden"},
  {"address":"101 Eversholt St, Camden, London, NW1 1BA, United Kingdom","post_code":"NW1 1BA","lat":51.542250,"lon":-0.141250,"area":"Camden"},
  {"address":"6 Hawley Cres, Camden, London, NW1 8NP, United Kingdom","post_code":"NW1 8NP","lat":51.542500,"lon":-0.141100,"area":"Camden"},
  {"address":"34 Chalk Farm Rd, Camden, London, NW1 8AJ, United Kingdom","post_code":"NW1 8AJ","lat":51.542750,"lon":-0.140950,"area":"Camden"},
  {"address":"55 Gloucester Ave, Camden, London, NW1 7BA, United Kingdom","post_code":"NW1 7BA","lat":51.543000,"lon":-0.140800,"area":"Camden"},
  {"address":"9 Royal College St, Camden, London, NW1 9LT, United Kingdom","post_code":"NW1 9LT","lat":51.543250,"lon":-0.140650,"area":"Camden"},
  {"address":"71 Delancey St, Camden, London, NW1 7NL, United Kingdom","post_code":"NW1 7NL","lat":51.543500,"lon":-0.140500,"area":"Camden"},
  {"address":"23 Highgate Rd, Camden, London, NW5 1TL, United Kingdom","post_code":"NW5 1TL","lat":51.543750,"lon":-0.140350,"area":"Camden"},

  {"address":"8 Mare St, Hackney, London, E8 3RH, United Kingdom","post_code":"E8 3RH","lat":51.545000,"lon":-0.055000,"area":"Hackney"},
  {"address":"60 Kingsland Rd, Hackney, London, E8 4AH, United Kingdom","post_code":"E8 4AH","lat":51.545250,"lon":-0.054850,"area":"Hackney"},
  {"address":"14 Dalston Lane, Hackney, London, E8 1FG, United Kingdom","post_code":"E8 1FG","lat":51.545500,"lon":-0.054700,"area":"Hackney"},
  {"address":"125 Dalston Ln, Hackney, London, E8 1AL, United Kingdom","post_code":"E8 1AL","lat":51.545750,"lon":-0.054550,"area":"Hackney"},
  {"address":"29 Wayland Ave, Hackney, London, E8 2HP, United Kingdom","post_code":"E8 2HP","lat":51.546000,"lon":-0.054400,"area":"Hackney"},
  {"address":"12a Spurstowe Terrace, Hackney, London, E8 1LT, United Kingdom","post_code":"E8 1LT","lat":51.546250,"lon":-0.054250,"area":"Hackney"},
  {"address":"70 Navarino Rd, Hackney, London, E8 1AQ, United Kingdom","post_code":"E8 1AQ","lat":51.546500,"lon":-0.054100,"area":"Hackney"},
  {"address":"44 Well St, Hackney, London, E9 7PX, United Kingdom","post_code":"E9 7PX","lat":51.546750,"lon":-0.053950,"area":"Hackney"},
  {"address":"21 Queensbridge Rd, Hackney, London, E8 3NB, United Kingdom","post_code":"E8 3NB","lat":51.547000,"lon":-0.053800,"area":"Hackney"},
  {"address":"133A Graham Rd, Hackney, London, E8 1PD, United Kingdom","post_code":"E8 1PD","lat":51.547250,"lon":-0.053650,"area":"Hackney"},
  {"address":"8 Navarino Grove, Hackney, London, E8 1AJ, United Kingdom","post_code":"E8 1AJ","lat":51.547500,"lon":-0.053500,"area":"Hackney"},
  {"address":"37 Chatsworth Rd, Hackney, London, E5 0LH, United Kingdom","post_code":"E5 0LH","lat":51.547750,"lon":-0.053350,"area":"Hackney"},

  {"address":"2 Upper St, Islington, London, N1 2UD, United Kingdom","post_code":"N1 2UD","lat":51.538000,"lon":-0.103000,"area":"Islington"},
  {"address":"19 Essex Rd, Islington, London, N1 8LN, United Kingdom","post_code":"N1 8LN","lat":51.538250,"lon":-0.102850,"area":"Islington"},
  {"address":"25B Barnsbury Park, Islington, London, N1 1HQ, United Kingdom","post_code":"N1 1HQ","lat":51.538500,"lon":-0.102700,"area":"Islington"},
  {"address":"88 Liverpool Rd, Islington, London, N1 0RE, United Kingdom","post_code":"N1 0RE","lat":51.538750,"lon":-0.102550,"area":"Islington"},
  {"address":"11 Canonbury Rd, Islington, London, N1 2UT, United Kingdom","post_code":"N1 2UT","lat":51.539000,"lon":-0.102400,"area":"Islington"},
  {"address":"31 Bewdley St, Islington, London, N1 1HB, United Kingdom","post_code":"N1 1HB","lat":51.539250,"lon":-0.102250,"area":"Islington"},
  {"address":"5 Mildmay Park, Islington, London, N1 4PF, United Kingdom","post_code":"N1 4PF","lat":51.539500,"lon":-0.102100,"area":"Islington"},
  {"address":"30 St Paul's Rd, Islington, London, N1 2QW, United Kingdom","post_code":"N1 2QW","lat":51.539750,"lon":-0.101950,"area":"Islington"},
  {"address":"22 Canonbury Sq, Islington, London, N1 2AL, United Kingdom","post_code":"N1 2AL","lat":51.540000,"lon":-0.101800,"area":"Islington"},
  {"address":"69 College Cross, Islington, London, N1 1PT, United Kingdom","post_code":"N1 1PT","lat":51.540250,"lon":-0.101650,"area":"Islington"},
  {"address":"14 Colebrooke Row, Islington, London, N1 8DD, United Kingdom","post_code":"N1 8DD","lat":51.540500,"lon":-0.101500,"area":"Islington"},
  {"address":"3 Pentonville Rd, Islington, London, N1 9FD, United Kingdom","post_code":"N1 9FD","lat":51.540750,"lon":-0.101350,"area":"Islington"},

  {"address":"7 Coldharbour Ln, Brixton, London, SW9 8PL, United Kingdom","post_code":"SW9 8PL","lat":51.462000,"lon":-0.116000,"area":"Brixton"},
  {"address":"10 Kimberley Rd, Brixton, London, SW9 9DG, United Kingdom","post_code":"SW9 9DG","lat":51.462250,"lon":-0.115850,"area":"Brixton"},
  {"address":"32 Atlantic Rd, Brixton, London, SW9 8HX , United Kingdom","post_code":"SW9 8HX","lat":51.462500,"lon":-0.115700,"area":"Brixton"},
  {"address":"21 Arlesford Rd, Brixton, London, SW9 9JS, United Kingdom","post_code":"SW9 9JS","lat":51.462750,"lon":-0.115550,"area":"Brixton"},
  {"address":"21 Brixton Rd, Brixton, London, SW9 7AA, United Kingdom","post_code":"SW9 7AA","lat":51.463000,"lon":-0.115400,"area":"Brixton"},
  {"address":"15 Kimberley Rd, Brixton, London, SW9 9DQ, United Kingdom","post_code":"SW9 9DQ","lat":51.463250,"lon":-0.115250,"area":"Brixton"},
  {"address":"6 Stockwell Park Rd, Brixton, London, SW9 0DW, United Kingdom","post_code":"SW9 0DW","lat":51.463500,"lon":-0.115100,"area":"Brixton"},
  {"address":"55 Coldharbour Gardens, Brixton, London, SW9 8PL, United Kingdom","post_code":"SW9 8PL","lat":51.463750,"lon":-0.114950,"area":"Brixton"},
  {"address":"115 Landor Rd, Brixton, London, SW9 9RR, United Kingdom","post_code":"SW9 9RR","lat":51.464000,"lon":-0.114800,"area":"Brixton"},
  {"address":"29 Gresham Rd, Brixton, London, SW9 7LX, United Kingdom","post_code":"SW9 7LX","lat":51.464250,"lon":-0.114650,"area":"Brixton"},
  {"address":"81 Brixton Station Rd, Brixton, London, SW9 8PD, United Kingdom","post_code":"SW9 8PD","lat":51.464500,"lon":-0.114500,"area":"Brixton"},
  {"address":"4 Loughborough Rd, Brixton, London, SW9 7SB, United Kingdom","post_code":"SW9 7SB","lat":51.464750,"lon":-0.114350,"area":"Brixton"},

  {"address":"10 Great Eastern St, Shoreditch, London, EC2A 3NT, United Kingdom","post_code":"EC2A 3NT","lat":51.525000,"lon":-0.077000,"area":"Shoreditch"},
  {"address":"12 Paul St, Shoreditch, London, EC2A 4JH, United Kingdom","post_code":"EC2A 4JH","lat":51.525250,"lon":-0.076850,"area":"Shoreditch"},
  {"address":"5 Curtain Rd, Shoreditch, London, EC2A 3JX, United Kingdom","post_code":"EC2A 3JX","lat":51.525500,"lon":-0.076700,"area":"Shoreditch"},
  {"address":"44 Rivington St, Shoreditch, London, EC2A 3AY, United Kingdom","post_code":"EC2A 3AY","lat":51.525750,"lon":-0.076550,"area":"Shoreditch"},
  {"address":"47 Tabernacle St, Shoreditch, London, EC2A 4AA, United Kingdom","post_code":"EC2A 4AA","lat":51.526000,"lon":-0.076400,"area":"Shoreditch"},
  {"address":"3 Redchurch St, Shoreditch, London, EC2A 4NE, United Kingdom","post_code":"EC2A 4NE","lat":51.526250,"lon":-0.076250,"area":"Shoreditch"},
  {"address":"92 Leonard St, Shoreditch, London, EC2A 4RH, United Kingdom","post_code":"EC2A 4RH","lat":51.526500,"lon":-0.076100,"area":"Shoreditch"},
  {"address":"37 Great Eastern St, Shoreditch, London, EC2A 3JF, United Kingdom","post_code":"EC2A 3JF","lat":51.526750,"lon":-0.075950,"area":"Shoreditch"},
  {"address":"59 Scrutton St, Shoreditch, London, EC2A 4PH, United Kingdom","post_code":"EC2A 4PH","lat":51.527000,"lon":-0.075800,"area":"Shoreditch"},
  {"address":"97 Worship St, Shoreditch, London, EC2A 2BZ, United Kingdom","post_code":"EC2A 2BZ","lat":51.527250,"lon":-0.075650,"area":"Shoreditch"},
  {"address":"45 Curtain Rd, Shoreditch, London, EC2A 3PT, United Kingdom","post_code":"EC2A 3PT","lat":51.527500,"lon":-0.075500,"area":"Shoreditch"},

  {"address":"14 Clapham High St, Clapham, London, SW4 7UT, United Kingdom","post_code":"SW4 7UT","lat":51.463000,"lon":-0.138000,"area":"Clapham"},
  {"address":"40 The Pavement, Clapham, London, SW4 0HZ, United Kingdom","post_code":"SW4 0HZ","lat":51.463250,"lon":-0.137850,"area":"Clapham"},
  {"address":"3 Clapham Common South Side, Clapham, London, SW4 9DW, United Kingdom","post_code":"SW4 9DW","lat":51.463500,"lon":-0.137700,"area":"Clapham"},
  {"address":"82 North St, Clapham, London, SW4 0HD, United Kingdom","post_code":"SW4 0HD","lat":51.463750,"lon":-0.137550,"area":"Clapham"},
  {"address":"19 Abbeville Rd, Clapham, London, SW4 9LA, United Kingdom","post_code":"SW4 9LA","lat":51.464000,"lon":-0.137400,"area":"Clapham"},
  {"address":"21 Lillieshall Rd, Clapham, London, SW4 0LN, United Kingdom","post_code":"SW4 0LN","lat":51.464250,"lon":-0.137250,"area":"Clapham"},
  {"address":"6 Clapham Park Rd, Clapham, London, SW4 7BE, United Kingdom","post_code":"SW4 7BE","lat":51.464500,"lon":-0.137100,"area":"Clapham"},
  {"address":"19 Lydon Rd, Clapham, London, SW4 0HP, United Kingdom","post_code":"SW4 0HP","lat":51.464750,"lon":-0.136950,"area":"Clapham"},
  {"address":"51 Park Hill, Clapham, London, SW4 9NS, United Kingdom","post_code":"SW4 9NS","lat":51.465000,"lon":-0.136800,"area":"Clapham"},
  {"address":"6A Liston Rd, Clapham, London, SW4 0DF, United Kingdom","post_code":"SW4 0DF","lat":51.465250,"lon":-0.136650,"area":"Clapham"},
  {"address":"95 Clapham Park Rd, Clapham, London, SW4 7BH, United Kingdom","post_code":"SW4 7BH","lat":51.465500,"lon":-0.136500,"area":"Clapham"},

  {"address":"5 High St Kensington, Kensington, London, W8 5SA, United Kingdom","post_code":"W8 5SA","lat":51.501000,"lon":-0.193000,"area":"Kensington"},
  {"address":"49 Campden St, Kensington, London, W8 7ET, United Kingdom","post_code":"W8 7ET","lat":51.501250,"lon":-0.192850,"area":"Kensington"},
  {"address":"38 Holland Rd, Kensington, London, W8 4LT, United Kingdom","post_code":"W8 4LT","lat":51.501500,"lon":-0.192700,"area":"Kensington"},
  {"address":"11 Kensington Church St, Kensington, London, W8 4LF, United Kingdom","post_code":"W8 4LF","lat":51.501750,"lon":-0.192550,"area":"Kensington"},
  {"address":"49 Bedford Gardens, Kensington, London, W8 7EF, United Kingdom","post_code":"W8 7EF","lat":51.502000,"lon":-0.192400,"area":"Kensington"},
  {"address":"31 Sheffield Terrace, Kensington, London, W8 7NB, United Kingdom","post_code":"W8 7NB","lat":51.502250,"lon":-0.192250,"area":"Kensington"},
  {"address":"89 Kensington High St, Kensington, London, W8 7DP, United Kingdom","post_code":"W8 7DP","lat":51.502500,"lon":-0.192100,"area":"Kensington"},
  {"address":"7 Phillimore Gardens, Kensington, London, W8 7QG, United Kingdom","post_code":"W8 7QG","lat":51.502750,"lon":-0.191950,"area":"Kensington"},
  {"address":"43 Hornton St, Kensington, London, W8 7NT, United Kingdom","post_code":"W8 7NT","lat":51.503000,"lon":-0.191800,"area":"Kensington"},
  {"address":"5 Campden Grove, Kensington, London, W8 4JG, United Kingdom","post_code":"W8 4JG","lat":51.503250,"lon":-0.191650,"area":"Kensington"}
]
